{
	"initial_reset_timestamp": 1651776738.6650686,
	"timestamps": [1651776898.4498262, 1651776899.5955868, 1651776902.0019722, 1651776904.0642135, 1651776905.2819877, 1651776906.6895695, 1651776908.2223506, 1651776910.0521483, 1651776911.3936865, 1651776913.7904477, 1651776914.9833598, 1651776917.0671163, 1651776918.8584428, 1651776920.2365246, 1651776921.7326906, 1651776923.299972, 1651776924.7690778, 1651776926.404752, 1651776928.2327409, 1651776929.6750495, 1651776930.84967, 1651776932.0046444, 1651776933.6823075, 1651776935.5182724, 1651776936.9339707, 1651776940.9020293, 1651776942.416832, 1651776944.9715183, 1651776946.4865885, 1651776949.067141, 1651776950.6203282, 1651776952.733969, 1651776953.8696203, 1651776955.2360868, 1651776956.8675487, 1651776958.5329602, 1651776959.7685163, 1651776961.2137215, 1651776963.4352307, 1651776965.403744, 1651776967.1203148, 1651776969.1113412, 1651776971.6205297, 1651776973.320169, 1651776975.457741, 1651776977.0532792, 1651776978.154928, 1651776979.6713703, 1651776982.2707553, 1651776984.0879903, 1651776985.5371594, 1651776987.442007, 1651776989.8038585, 1651776991.1529546, 1651776993.1903138, 1651776994.7732313, 1651776996.0800827, 1651776998.408206, 1651776999.4561727, 1651777000.6885812, 1651777002.0700936, 1651777004.3701856, 1651777021.0414305, 1651777023.3739078, 1651777025.091224, 1651777026.6111724, 1651777027.9950747, 1651777029.5298839, 1651777031.1650338, 1651777032.2004113, 1651777034.029932, 1651777037.5082371, 1651777038.5811436, 1651777039.7396545, 1651777041.7084515, 1651777043.8965116, 1651777046.2790678, 1651777049.0206475, 1651777050.265668, 1651777051.5251784, 1651777052.7575314, 1651777054.4254808, 1651777056.2297661, 1651777058.0098186, 1651777060.574365, 1651777062.691289, 1651777064.0012903, 1651777065.8918295, 1651777069.230603, 1651777070.603057, 1651777072.20808, 1651777073.4178102, 1651777075.296507, 1651777076.7422118, 1651777078.067867, 1651777080.7690687, 1651777082.9445403, 1651777084.6473577, 1651777086.3959389, 1651777087.6683385],
	"episode_lengths": [78, 68, 145, 122, 73, 83, 93, 110, 74, 144, 72, 125, 107, 83, 89, 95, 88, 98, 110, 86, 71, 69, 101, 109, 86, 116, 90, 153, 91, 154, 93, 127, 68, 82, 98, 98, 76, 86, 134, 118, 103, 119, 151, 102, 128, 96, 66, 91, 156, 107, 87, 114, 142, 81, 122, 95, 77, 140, 63, 74, 83, 138, 1000, 140, 103, 91, 83, 92, 98, 62, 109, 100, 64, 70, 118, 131, 143, 164, 75, 76, 74, 100, 108, 107, 154, 127, 78, 114, 200, 82, 97, 72, 113, 87, 79, 162, 131, 102, 105, 74],
	"episode_rewards": [-257.9261076352328, -103.5930347403383, -197.52557940256986, -178.07786181836642, -135.70662631671968, -110.36045441722443, -108.45984466997426, -201.71018352310352, -160.23709968677568, -288.24295647808503, -126.8025733301112, -122.91989698733555, -190.8070764950019, -124.0126386921695, -131.834037029557, -360.70500921388725, -128.78419911067027, -121.3597608393446, -233.45064769806828, -110.96445740284318, -107.79474320269416, -109.65250140720227, -85.31273670515516, -315.1079433830665, -282.4315167484215, -29.18911260882257, -195.50666381289162, -109.96813554361862, -180.7495839547284, -69.92950518203274, 19.079312854615523, -135.72440991604546, -132.63319020151118, -81.07504520954865, -119.80199137366317, -63.101569528404475, -95.66177852552872, -190.1938095629305, -195.33833083044544, -185.4442124797814, -54.35406148387598, -76.74584093555382, -162.9379824722958, -285.96120246082774, -166.2132999150909, -142.6411964207069, -115.87204352902089, -105.74916136915128, -155.23054588889414, -143.35091043207262, -69.67169056324678, -214.8122416992988, -84.71445788710491, -124.89181451821578, -133.6219215327936, -269.16940618254625, -123.24429323739122, -173.50240236670027, -78.97596646292364, -136.99386323859326, -116.21923574393688, -159.5657680320993, 44.78377832441913, -65.12862398183465, -137.76957191110387, -74.50781045228422, -71.8239444403196, -136.34386708746882, -155.62893330106303, -73.72195165537795, -99.95933872057327, -326.670367173609, -92.42883387830082, -50.577110603472434, -191.34233314382885, -189.80040892268124, -327.56743840446893, -141.98483453905328, -93.11082633533516, -29.474892942137643, -107.09693671647562, -207.1193997514801, -239.31861066656742, -88.72469729255499, -157.76839104804128, -179.36352688037496, -273.942661786455, -62.647286881474166, -109.76180676410311, -135.6064243004578, -208.5058238095312, -37.5281285818634, -15.351224239151676, -82.21311368122375, -30.22633930406373, -261.33535170406753, -220.5906330803395, -198.84377391253605, -271.96665508761265, -65.93934595660917],
	"episode_types": ["t", "t", "t", "t", "t", "t", "t", "t", "t", "t", "t", "t", "t", "t", "t", "t", "t", "t", "t", "t", "t", "t", "t", "t", "t", "t", "t", "t", "t", "t", "t", "t", "t", "t", "t", "t", "t", "t", "t", "t", "t", "t", "t", "t", "t", "t", "t", "t", "t", "t", "t", "t", "t", "t", "t", "t", "t", "t", "t", "t", "t", "t", "t", "t", "t", "t", "t", "t", "t", "t", "t", "t", "t", "t", "t", "t", "t", "t", "t", "t", "t", "t", "t", "t", "t", "t", "t", "t", "t", "t", "t", "t", "t", "t", "t", "t", "t", "t", "t", "t", "t", "t", "t", "t", "t", "t", "t", "t", "t", "t", "t", "t", "t", "t", "t", "t", "t", "t", "t", "t", "t", "t", "t", "t", "t", "t", "t", "t", "t", "t", "t", "t", "t", "t", "t", "t", "t", "t", "t", "t", "t", "t", "t", "t", "t", "t", "t", "t", "t", "t", "t", "t", "t", "t", "t", "t", "t", "t", "t", "t", "t", "t", "t", "t", "t", "t", "t", "t", "t", "t", "t", "t", "t", "t", "t", "t", "t", "t", "t", "t", "t", "t", "t", "t", "t", "t", "t", "t", "t", "t", "t", "t", "t", "t", "t", "t", "t", "t", "t", "t"]
}