{
	"initial_reset_timestamp": 1651776738.289702,
	"timestamps": [1651776741.2015731, 1651776742.834962, 1651776744.1172519, 1651776745.7868347, 1651776747.719347, 1651776748.783418, 1651776750.067592, 1651776751.170469, 1651776752.6690044, 1651776754.3695745, 1651776756.236328, 1651776759.4569535, 1651776760.8336437, 1651776764.5738988, 1651776765.812719, 1651776767.8635104, 1651776769.2055976, 1651776770.9948397, 1651776772.1774054, 1651776773.289353, 1651776774.35975, 1651776775.9061751, 1651776777.3284502, 1651776778.8275387, 1651776779.9905682, 1651776781.7452743, 1651776783.879292, 1651776785.745184, 1651776787.4564126, 1651776788.5801213, 1651776790.2974465, 1651776792.129812, 1651776793.7974908, 1651776795.0127532, 1651776796.1423304, 1651776797.544278, 1651776799.0075343, 1651776800.4482222, 1651776801.5630968, 1651776803.5142257, 1651776804.8453937, 1651776806.1606855, 1651776808.2248833, 1651776809.7301, 1651776811.0806835, 1651776812.1426387, 1651776813.6444254, 1651776814.994244, 1651776815.9568758, 1651776816.861888, 1651776818.4636118, 1651776819.6948302, 1651776821.704936, 1651776823.0974133, 1651776824.160637, 1651776825.6775434, 1651776827.2249014, 1651776828.7613027, 1651776830.161024, 1651776832.4368975, 1651776833.6995676, 1651776835.327288, 1651776838.3475623, 1651776839.459713, 1651776840.7164633, 1651776843.1827214, 1651776844.7840893, 1651776845.846491, 1651776847.7785106, 1651776849.5185611, 1651776851.7943475, 1651776853.2852366, 1651776855.0446436, 1651776856.4291139, 1651776857.8953698, 1651776859.8303545, 1651776861.640433, 1651776863.2618036, 1651776865.1025283, 1651776866.7957196, 1651776867.998503, 1651776869.6160984, 1651776871.6620867, 1651776872.931463, 1651776874.1641302, 1651776875.2450778, 1651776876.9656162, 1651776878.1058943, 1651776879.91576, 1651776881.9719465, 1651776883.8806562, 1651776885.31514, 1651776886.7154207, 1651776888.8412719, 1651776890.323874, 1651776892.0394533, 1651776893.0636835, 1651776894.0824156, 1651776895.8973794, 1651776897.1493802, 1651776898.4498184, 1651776899.595571, 1651776902.0019524, 1651776904.0642052, 1651776905.2819793, 1651776906.689555, 1651776908.222339, 1651776910.0521324, 1651776911.3936722, 1651776913.790432, 1651776914.983351, 1651776917.0671065, 1651776918.858427, 1651776920.236517, 1651776921.7326708, 1651776923.2999609, 1651776924.769058, 1651776926.4047408, 1651776928.232734, 1651776929.6750324, 1651776930.8496604, 1651776932.0046349, 1651776933.6823, 1651776935.5182467, 1651776936.9339628, 1651776940.902014, 1651776942.416824, 1651776944.9715102, 1651776946.4865782, 1651776949.0671337, 1651776950.6203203, 1651776952.7339618, 1651776953.8696072, 1651776955.2360785, 1651776956.8675413, 1651776958.5329344, 1651776959.7685099, 1651776961.2137127, 1651776963.4352233, 1651776965.4037364, 1651776967.1203048, 1651776969.1113238, 1651776971.620521, 1651776973.320161, 1651776975.4577293, 1651776977.0532691, 1651776978.1549191, 1651776979.671353, 1651776982.2707462, 1651776984.0879836, 1651776985.5371525, 1651776987.441993, 1651776989.8038442, 1651776991.1529477, 1651776993.190305, 1651776994.7732217, 1651776996.0800586, 1651776998.4081938, 1651776999.456154, 1651777000.688572, 1651777002.0700872, 1651777004.370178, 1651777021.0414183, 1651777023.3738978, 1651777025.091211, 1651777026.6111567, 1651777027.995068, 1651777029.5298672, 1651777031.1650183, 1651777032.2003927, 1651777034.0299158, 1651777037.49078, 1651777038.581117, 1651777039.7396467, 1651777041.7084424, 1651777043.8965018, 1651777046.2790558, 1651777049.0206242, 1651777050.265653, 1651777051.5251665, 1651777052.7575245, 1651777054.4254713, 1651777056.2297554, 1651777058.0098093, 1651777060.5743577, 1651777062.6912808, 1651777064.001267, 1651777065.8918157, 1651777069.2305818, 1651777070.6030438, 1651777072.2080734, 1651777073.4177842, 1651777075.2964902, 1651777076.742204, 1651777078.0678551, 1651777080.7690458, 1651777082.944532, 1651777084.6473482, 1651777086.3959289, 1651777087.668323],
	"episode_lengths": [74, 85, 77, 100, 110, 64, 77, 66, 84, 102, 112, 151, 79, 106, 73, 123, 81, 107, 71, 67, 64, 93, 85, 90, 70, 105, 128, 111, 103, 67, 103, 110, 96, 73, 68, 84, 88, 86, 67, 117, 80, 79, 124, 90, 81, 64, 90, 81, 58, 54, 96, 74, 120, 84, 64, 91, 93, 92, 84, 134, 76, 98, 88, 64, 69, 95, 96, 64, 116, 104, 137, 89, 106, 83, 88, 116, 108, 98, 110, 102, 72, 97, 123, 76, 74, 65, 103, 68, 109, 123, 115, 86, 83, 128, 89, 103, 62, 61, 109, 75, 78, 68, 145, 122, 73, 83, 93, 110, 74, 144, 72, 125, 107, 83, 89, 95, 88, 98, 110, 86, 71, 69, 101, 109, 86, 116, 90, 153, 91, 154, 93, 127, 68, 82, 98, 98, 76, 86, 134, 118, 103, 119, 151, 102, 128, 96, 66, 91, 156, 107, 87, 114, 142, 81, 122, 95, 77, 140, 63, 74, 83, 138, 1000, 140, 103, 91, 83, 92, 98, 62, 109, 100, 64, 70, 118, 131, 143, 164, 75, 76, 74, 100, 108, 107, 154, 127, 78, 114, 200, 82, 97, 72, 113, 87, 79, 162, 131, 102, 105, 74],