{"initial_reset_timestamp": 1651776316.6960557, "timestamps": [1651776319.6444683, 1651776321.1616857, 1651776322.4460886, 1651776324.112503, 1651776325.9631412, 1651776327.0269952, 1651776328.313186, 1651776329.4133897, 1651776332.2272234, 1651776334.013708], "episode_lengths": [74, 85, 77, 100, 110, 64, 77, 66, 84, 106], "episode_rewards": [-104.00868497887019, -196.8929395042111, -254.54575581622964, -313.4912134478453, -253.37727770371828, -98.108178844478, 16.16132961040212, -64.36785827264534, -153.74000787351778, -144.48005046517756], "episode_types": ["t", "t", "t", "t", "t", "t", "t", "t", "t", "t", "t", "t", "t", "t", "t", "t", "t", "t", "t", "t"]}