{"initial_reset_timestamp": 1651776317.0920446, "timestamps": [1651776327.0270007, 1651776328.3132002, 1651776329.4134042, 1651776332.2272294, 1651776334.0137296], "episode_lengths": [64, 77, 66, 84, 106], "episode_rewards": [-98.108178844478, 16.16132961040212, -64.36785827264534, -153.74000787351778, -144.48005046517756], "episode_types": ["t", "t", "t", "t", "t", "t", "t", "t", "t", "t"]}